,0
sky,142.0
photography,125.0
tree,80.0
plant,72.0
water,71.0
phenomenon,68.0
landscape,68.0
natural,65.0
mountain,57.0
wildlife,56.0
cloud,54.0
nature,53.0
event,52.0
people,51.0
vehicle,50.0
animal,48.0
night,48.0
sea,42.0
adaptation,39.0
geological,39.0
monochrome,37.0
architecture,36.0
rock,36.0
black,35.49155883846415
terrestrial,35.0
mammal,34.0
recreation,34.0
white,33.16830377700399
and,32.666429481473315
area,32.0
environment,31.0
grass,30.0
fun,29.0
street,29.0
bird,29.0
landforms,29.0
human,29.0
art,28.0
crowd,27.0
atmosphere,27.0
organism,27.0
vertebrate,27.0
room,25.0
atmospheric,25.0
light,25.0
tourism,24.0
of,24.0
blue,23.60013440903164
city,23.0
car,23.0
vacation,22.0
mountainous,22.0
bear,22.0
house,21.0
forest,21.0
building,21.0
snout,21.0
ice,21.0
darkness,20.0
horizon,20.0
child,20.0
fashion,19.0
formation,19.0
range,19.0
grassland,18.0
wilderness,18.0
transport,18.0
performance,18.0
carnivore,18.0
marine,17.0
geology,17.0
ecoregion,17.0
yellow,17.0
landform,16.0
snapshot,16.0
hair,16.0
design,16.0
horse,16.0
winter,15.0
fish,15.0
ocean,15.0
cave,15.0
community,15.0
space,15.0
reflection,14.0
dog,14.0
family,14.0
rhinoceros,14.0
snow,13.0
urban,13.0
military,13.0
flower,13.0
green,13.0
arts,13.0
road,12.63341172048411
woody,12.0
lake,12.0
leisure,12.0
lighting,12.0
red,12.0
evening,12.0
stock,12.0
smoke,12.0
hand,12.0
smile,11.0
temple,11.0
style,11.0
fire,11.0
wall,11.0
interior,10.0
hill,10.0
glacial,10.0
headgear,10.0
national,10.0
rural,10.0
tradition,10.0
canidae,10.0
history,10.0
arctic,10.0
photograph,9.0
in,9.0
sand,9.0
river,9.0
visual,9.0
forehead,9.0
mode,9.0
sitting,9.0
pink,9.0
whale,9.0
soil,9.0
heat,9.0
window,9.0
textile,9.0
reserve,9.0
biology,9.0
head,9.0
sunset,9.0
underwater,9.0
outerwear,9.0
equipment,8.328226030921428
object,8.0
clothing,8.0
costume,8.0
fur,8.0
coast,8.0
sunlight,8.0
cap,8.0
highland,8.0
infrastructure,8.0
desert,8.0
travel,8.0
wood,8.0
site,8.0
park,8.0
face,8.0
branch,8.0
furniture,8.0
historic,8.0
leaf,8.0
astronomical,8.0
adventure,8.0
beak,8.0
turtle,8.0
home,7.0
shadow,7.0
daytime,7.0
ceremony,7.0
reef,7.0
ancient,7.0
public,7.0
cats,7.0
field,7.0
eye,7.0
felidae,7.0
audience,7.0
star,7.0
vegetation,7.0
automotive,7.0
team,7.0
brown,7.0
bicycle,7.0
morning,7.0
uniform,7.0
freezing,7.0
boat,7.0
flame,7.0
games,7.0
sports,7.0
sport,7.0
accessory,6.0
biome,6.0
fox,6.0
big,6.0
oceanic,6.0
ridge,6.0
coastal,6.0
glacier,6.0
dress,6.0
beauty,6.0
bed,6.0
coral,6.0
tiger,6.0
aeolian,6.0
badlands,6.0
steppe,6.0
botany,6.0
metropolitan,6.0
lion,6.0
standing,6.0
herd,6.0
festival,6.0
pasture,6.0
portrait,6.0
party,6.0
world,6.0
wing,6.0
hairstyle,6.0
motor,6.0
protest,6.0
sculpture,6.0
trail,6.0
mane,5.0
monument,5.0
door,5.0
grazing,5.0
group,5.0
finger,5.0
reptile,5.0
rein,5.0
flag,5.0
prairie,5.0
product,5.0
farm,5.0
mist,5.0
landmark,5.0
pack,5.0
facial,5.0
purple,5.0
facade,5.0
plain,5.0
giraffe,5.0
giraffidae,5.0
nose,5.0
elder,5.0
gesture,5.0
life,5.0
wadi,5.0
woodland,5.0
alps,5.0
cliff,5.0
volcanic,5.0
underground,5.0
astronomy,5.0
canyon,5.0
spring,5.0
stage,5.0
town,5.0
watercourse,5.0
demonstration,5.0
bridle,5.0
table,5.0
still,5.0
pattern,4.0
cetacea,4.0
orange,4.0
fawn,4.0
body,4.0
american,4.0
fell,4.0
prey,4.0
midnight,4.0
horn,4.0
summit,4.0
meteorological,4.0
protective,4.0
polar,4.0
moon,4.0
official,4.0
fog,4.0
carving,4.0
place,4.0
mouth,4.0
iceberg,4.0
bedrock,4.0
flamingo,4.0
camel,4.0
part,4.0
personal,4.0
neck,4.0
calm,4.0
footwear,4.0
musical,4.0
outcrop,4.0
wildflower,4.0
whiskers,4.0
crop,4.0
school,4.0
worship,4.0
line,4.0
jungle,4.0
ritual,4.0
savanna,4.0
shark,4.0
lavender,4.0
dolphin,4.0
wildfire,4.0
sheep,4.0
lawn,4.0
leopard,4.0
shirt,4.0
interaction,4.0
mare,4.0
illustration,4.0
wedding,4.0
sahara,4.0
wave,4.0
goat,3.3354543428479815
the,3.0
beach,3.0
youth,3.0
tourist,3.0
beard,3.0
tire,3.0
tints,3.0
accipitriformes,3.0
northern,3.0
theatre,3.0
thoroughfare,3.0
leg,3.0
glass,3.0
wrinkle,3.0
technology,3.0
billiard,3.0
airplane,3.0
aerial,3.0
lava,3.0
toy,3.0
metal,3.0
massif,3.0
indian,3.0
infantry,3.0
aircraft,3.0
aqua,3.0
venue,3.0
arm,3.0
army,3.0
makhtesh,3.0
hardwood,3.0
magenta,3.0
tundra,3.0
trunk,3.0
attraction,3.0
killer,3.0
kite,3.0
music,3.0
land,3.0
african,3.0
mustang,3.0
meadow,3.0
grizzly,3.0
advertising,3.0
narrows,3.0
organization,3.0
device,3.0
supplies,3.0
flooring,3.0
sporting,3.0
soldier,3.0
caving,3.0
ceiling,3.0
sled,3.0
pool,3.0
chapel,3.0
fan,3.0
chin,3.0
church,3.0
circle,3.0
classical,3.0
shore,3.0
exterior,3.0
shoe,3.0
emergency,3.0
elephant,3.0
shades,3.0
electronic,3.0
electric,3.0
common,3.0
seal,3.0
residential,3.0
dusk,3.0
cumulus,3.0
riding,3.0
dome,3.0
dance,3.0
roof,3.0
fixture,3.0
safari,3.0
statue,3.0
station,3.0
sunrise,3.0
fruit,3.0
breed,3.0
frame,3.0
bridal,3.0
pedestrian,3.0
flowering,3.0
pelican,3.0
old,2.8284271247461903
growth,2.8284271247461903
boating,2.4952643949424838
close,2.1213203435596424
up,2.1213203435596424
halter,2.0
bighorn,2.0
jaw,2.0
canis,2.0
jaguar,2.0
groundcover,2.0
biking,2.0
bike,2.0
fjord,2.0
insect,2.0
audio,2.0
explosion,2.0
bengal,2.0
extreme,2.0
california,2.0
eyebrow,2.0
eyewear,2.0
classroom,2.0
column,2.0
flash,2.0
banquet,2.0
agriculture,2.0
dirt,2.0
garden,2.0
dinosaur,2.0
gardener,2.0
flesh,2.0
curtain,2.0
camelid,2.0
bovine,2.0
full,2.0
crater,2.0
zebra,2.0
conference,2.0
blossom,2.0
cone,2.0
condor,2.0
bridge,2.0
classic,2.0
cityscape,2.0
argali,2.0
baby,2.0
goats,2.0
boats,2.0
ash,2.0
fictional,2.0
asphalt,2.0
grape,2.0
haze,2.0
hawk,2.0
figure,2.0
auditorium,2.0
cartilaginous,2.0
carnival,2.0
happy,2.0
fisherman,2.0
feather,2.0
arch,2.0
bronze,2.0
arabian,2.0
hunting,2.0
hummingbird,2.0
algae,2.0
businessperson,2.0
food,2.0
floor,2.0
alligator,2.0
cheetah,2.0
character,2.0
farmworker,2.0
glasses,2.0
fault,2.0
anole,2.0
celestial,2.0
ball,2.0
floral,2.0
abaya,2.0
siberian,2.0
tribe,2.0
outdoor,2.0
shrub,2.0
outer,2.0
shoulder,2.0
model,2.0
tail,2.0
transportation,2.0
speleothem,2.0
ship,2.0
paint,2.0
painting,2.0
veil,2.0
troop,2.0
migration,2.0
tropics,2.0
sheet,2.0
metropolis,2.0
tack,2.0
puffin,2.0
turquoise,2.0
united,2.0
property,2.0
traffic,2.0
states,2.0
otter,2.0
signage,2.0
ranch,2.0
terrain,2.0
nest,2.0
skyline,2.0
skin,2.0
nunatak,2.0
nail,2.0
rainforest,2.0
social,2.0
toddler,2.0
musician,2.0
tattoo,2.0
muscle,2.0
officer,2.0
tapir,2.0
rebellion,2.0
moustache,2.0
mountaineering,2.0
organ,2.0
racing,2.0
track,2.0
roman,2.0
ridley,2.0
material,2.0
worker,2.0
performing,2.0
machine,2.0
watercraft,2.0
wheel,2.0
sari,2.0
play,2.0
stalactite,2.0
picture,2.0
lupin,2.0
screenshot,2.0
wrangler,2.0
seabird,2.0
lizard,2.0
scrap,2.0
plantation,2.0
science,2.0
liquid,2.0
lip,2.0
stone,2.0
stalagmite,2.0
steam,2.0
scooter,2.0
washing,2.0
watercolor,2.0
walking,2.0
marines,2.0
vizsla,2.0
sumatran,2.0
volcano,2.0
power,2.0
vintage,2.0
primate,2.0
summer,2.0
subcompact,2.0
martial,2.0
sedan,2.0
perennial,2.0
poster,2.0
collar,1.6274252111943481
off,1.464242744969439
small,1.0
cattle,1.0
sphere,1.0
sportswear,1.0
spokesperson,1.0
canopy,1.0
cash,1.0
sound,1.0
sombrero,1.0
canola,1.0
camouflage,1.0
campfire,1.0
square,1.0
stairs,1.0
camping,1.0
canal,1.0
spandex,1.0
carpet,1.0
snooker,1.0
leotard,1.0
sleep,1.0
secondary,1.0
collection,1.0
service,1.0
combat,1.0
comet,1.0
comfort,1.0
seminar,1.0
selling,1.0
competition,1.0
compositing,1.0
computed,1.0
concrete,1.0
conifer,1.0
skyscraper,1.0
construction,1.0
contact,1.0
convention,1.0
conversation,1.0
cool,1.0
cooling,1.0
coraciiformes,1.0
cottage,1.0
couch,1.0
cougar,1.0
cows,1.0
cockpit,1.0
cobalt,1.0
coat,1.0
settlement,1.0
cement,1.0
cg,1.0
chair,1.0
ski,1.0
sketch,1.0
charadriiformes,1.0
cheek,1.0
cheering,1.0
skates,1.0
cherry,1.0
chimpanzee,1.0
silhouette,1.0
cinder,1.0
shrubland,1.0
class,1.0
show,1.0
shorts,1.0
claw,1.0
shoot,1.0
climbing,1.0
clothes,1.0
shield,1.0
shack,1.0
state,1.0
swans,1.0
caldera,1.0
atlantic,1.0
violet,1.0
vineyard,1.0
village,1.0
aries,1.0
vegetarian,1.0
ushanka,1.0
artisan,1.0
universe,1.0
artwork,1.0
turban,1.0
tunnel,1.0
tundrarum,1.0
buzzard,1.0
tricycle,1.0
treatment,1.0
aurora,1.0
australian,1.0
autumn,1.0
aviation,1.0
azure,1.0
transparent,1.0
backyard,1.0
train,1.0
bag,1.0
archaeological,1.0
vitis,1.0
aquatic,1.0
antique,1.0
abdomen,1.0
abseiling,1.0
academic,1.0
yard,1.0
accipitridae,1.0
yak,1.0
acrobatic,1.0
wonders,1.0
wombat,1.0
wolf,1.0
aerospace,1.0
afterglow,1.0
windshield,1.0
air,1.0
waterway,1.0
aisle,1.0
wat,1.0
warehouse,1.0
andean,1.0
waist,1.0
vulture,1.0
anteater,1.0
antenna,1.0
baking,1.0
ballroom,1.0
bandana,1.0
bison,1.0
blond,1.0
taekwondo,1.0
boa,1.0
crane,1.0
surface,1.0
supply,1.0
bonfire,1.0
botanical,1.0
bottle,1.0
bottlenose,1.0
suit,1.0
breakfast,1.0
suburb,1.0
brick,1.0
bride,1.0
stumpy,1.0
streams,1.0
broadleaf,1.0
storm,1.0
stony,1.0
brunch,1.0
bubble,1.0
bus,1.0
tall,1.0
birthday,1.0
banner,1.0
tasmanian,1.0
barbary,1.0
barechested,1.0
barefoot,1.0
bay,1.0
bazaar,1.0
tower,1.0
tortoise,1.0
tomography,1.0
toe,1.0
to,1.0
thigh,1.0
bedroom,1.0
bedtime,1.0
beige,1.0
terrier,1.0
terrace,1.0
tent,1.0
bight,1.0
bigtree,1.0
temperate,1.0
telescope,1.0
teddy,1.0
billiards,1.0
coyote,1.0
deer,1.0
crash,1.0
greater,1.0
greenland,1.0
grey,1.0
mustard,1.0
mushing,1.0
guitar,1.0
guitarist,1.0
mural,1.0
mud,1.0
hall,1.0
hapkido,1.0
mountaineer,1.0
harbor,1.0
mosquito,1.0
hat,1.0
moraine,1.0
hawksbill,1.0
moonlight,1.0
monk,1.0
modern,1.0
headlamp,1.0
headland,1.0
heater,1.0
helmet,1.0
mobility,1.0
mixed,1.0
greenhouse,1.0
neighbourhood,1.0
hindu,1.0
neon,1.0
crew,1.0
parade,1.0
fortification,1.0
pantsuit,1.0
panda,1.0
palm,1.0
ox,1.0
function,1.0
owl,1.0
overhead,1.0
galaxy,1.0
geese,1.0
geologist,1.0
olive,1.0
geyser,1.0
office,1.0
observatory,1.0
obelisk,1.0
north,1.0
news,1.0
gondola,1.0
gown,1.0
net,1.0
grapevine,1.0
graphics,1.0
mink,1.0
minivan,1.0
pass,1.0
jacket,1.0
japanese,1.0
macro,1.0
jellyfish,1.0
job,1.0
joint,1.0
karate,1.0
kemps,1.0
lycaon,1.0
kit,1.0
luxury,1.0
klippe,1.0
kodiak,1.0
label,1.0
lupus,1.0
lamp,1.0
lot,1.0
loggerhead,1.0
locomotive,1.0
landscaping,1.0
laundry,1.0
livestock,1.0
linens,1.0
leaves,1.0
limousine,1.0
limestone,1.0
majorelle,1.0
irish,1.0
mining,1.0
invertebrate,1.0
holy,1.0
miner,1.0
microphone,1.0
hornbill,1.0
hot,1.0
hotel,1.0
memorial,1.0
hug,1.0
melting,1.0
hut,1.0
medieval,1.0
meal,1.0
iguania,1.0
impact,1.0
marsupial,1.0
individual,1.0
indoor,1.0
industry,1.0
marshal,1.0
ingredient,1.0
map,1.0
instrument,1.0
manta,1.0
manatee,1.0
inventory,1.0
parking,1.0
parka,1.0
foot,1.0
dugong,1.0
dodo,1.0
retirement,1.0
downhill,1.0
dragon,1.0
drama,1.0
drawing,1.0
restaurant,1.0
driftwood,1.0
drivetrain,1.0
dryer,1.0
ducks,1.0
dune,1.0
dish,1.0
resources,1.0
ear,1.0
rescuer,1.0
education,1.0
rehearsal,1.0
reflecting,1.0
electrical,1.0
electricity,1.0
redwood,1.0
passenger,1.0
real,1.0
display,1.0
ruins,1.0
engine,1.0
daylighting,1.0
crocodile,1.0
crocodilia,1.0
schooner,1.0
cuisine,1.0
scene,1.0
cup,1.0
scaled,1.0
cycle,1.0
cycling,1.0
dalls,1.0
sailor,1.0
sailing,1.0
running,1.0
deciduous,1.0
library,1.0
delphinium,1.0
sailboat,1.0
department,1.0
sail,1.0
sage,1.0
saddle,1.0
devil,1.0
digital,1.0
dinner,1.0
employment,1.0
embroidery,1.0
engineering,1.0
pier,1.0
plaza,1.0
player,1.0
plaster,1.0
figurine,1.0
fin,1.0
planet,1.0
firefighter,1.0
places,1.0
pit,1.0
fishing,1.0
pilot,1.0
pilgrimage,1.0
pictus,1.0
plumbing,1.0
phragmites,1.0
photo,1.0
flip,1.0
flock,1.0
petal,1.0
person,1.0
pelecaniformes,1.0
fluid,1.0
fluvial,1.0
peach,1.0
folk,1.0
font,1.0
english,1.0
zoo,1.0
pollution,1.0
railway,1.0
ensemble,1.0
rays,1.0
equestrianism,1.0
ray,1.0
erg,1.0
erosion,1.0
escarpment,1.0
estate,1.0
rapeseed,1.0
rank,1.0
rainbow,1.0
expression,1.0
radio,1.0
puma,1.0
pond,1.0
porthole,1.0
farmer,1.0
promontory,1.0
falconiformes,1.0
quagga,1.0
falcon,1.0
pumpkin,1.0
cow,0.7444060884638952
antelope,0.7444060884638952
roading,0.7234013227608413
commissioned,0.7071067811865476
membrane,0.7071067811865476
non,0.7071067811865476
winged,0.7071067811865476
sized,0.7071067811865476
medium,0.7071067811865476
