sky,sky
photography,photography
tree,flora 
plant,flora 
water,water 
phenomenon,phenomenon
landscape,landform 
natural,landform 
mountain,landform 
wildlife,fauna 
cloud,sky 
nature,flora 
event,event
people,people
vehicle,technology 
animal,fauna 
night,sky 
sea,water 
adaptation,flora fauna 
geological,landform 
monochrome,color 
architecture,architecture 
rock,landform 
black,color 
terrestrial,flora fauna landform 
mammal,fauna 
recreation,architecture 
white,color 
and,and
area,area
environment,flora landform 
grass,flora 
fun,fun
street,architecture technology 
bird,fauna 
landforms,landform 
human,people 
art,people object color 
crowd,people 
atmosphere,sky 
organism,fauna 
vertebrate,fauna 
room,architecture 
atmospheric,sky 
light,sky color 
tourism,people 
of,of
blue,water sky color 
city,people object architecture 
car,technology 
vacation,people 
mountainous,landform 
bear,fauna 
house,architecture 
forest,flora 
building,architecture 
snout,fauna 
ice,water 
darkness,sky color 
horizon,sky color 
child,people
fashion,people object 
formation,landform 
range,range
grassland,flora 
wilderness,flora 
transport,technology 
performance,performance
carnivore,fauna 
marine,water 
geology,landform 
ecoregion,ecoregion
yellow,color 
landform,landform 
snapshot,snapshot
hair,fauna people object 
design,design
horse,fauna 
winter,winter
fish,fauna water 
ocean,flora fauna water 
cave,landform 
community,people object 
space,sky 
reflection,reflection
dog,fauna 
family,family
rhinoceros,fauna 
snow,water 
urban,people object architecture technology 
military,people object technology 
flower,flora 
green,flora color 
arts,arts
road,architecture 
woody,flora 
lake,landform water 
leisure,leisure
lighting,sky color 
red,color 
evening,sky color 
stock,stock
smoke,smoke
hand,people object 
smile,people object 
temple,architecture 
style,style
fire,color 
wall,architecture 
interior,architecture 
hill,flora landform 
glacial,landform 
headgear,people object technology 
national,national
rural,rural
tradition,tradition
canidae,fauna 
history,people object 
arctic,arctic
photograph,color 
in,in
sand,landform 
river,landform water 
visual,visual
forehead,people 
mode,mode
sitting,sitting
pink,color 
whale,fauna water 
soil,flora 
heat,heat
window,technology 
textile,technology 
reserve,landform 
biology,fauna 
head,head
sunset,sky color 
underwater,water 
outerwear,people object 
equipment,object technology 
object,object 
clothing,people object 
costume,people
fur,fauna 
coast,landform water 
sunlight,sky color 
cap,people object 
highland,flora landform 
infrastructure,architecture technology 
desert,flora landform 
travel,travel
wood,flora 
site,site
park,flora people architecture 
face,people
branch,flora 
furniture,furniture
historic,architecture 
leaf,flora 
astronomical,sky 
adventure,adventure
beak,fauna 
turtle,fauna water 
home,home
shadow,color 
daytime,sky 
ceremony,ceremony
reef,flora water 
ancient,ancient
public,people 
cats,fauna 
field,flora 
eye,eye
felidae,fauna 
audience,people
star,sky 
vegetation,flora 
automotive,technology 
team,team
brown,color 
bicycle,object technology 
morning,sky 
uniform,uniform
freezing,freezing
boat,water architecture technology 
flame,flame
games,people
sports,people
sport,people
accessory,accessory
biome,flora landform water 
fox,fauna 
big,big
oceanic,water 
ridge,landform 
coastal,flora landform water 
glacier,landform water 
dress,people object 
beauty,people
bed,object 
coral,flora water 
tiger,fauna 
aeolian,aeolian
badlands,flora 
steppe,flora landform 
botany,flora 
metropolitan,people architecture technology 
lion,fauna 
standing,standing
herd,fauna 
festival,people
pasture,fauna 
portrait,people object 
party,people
world,world
wing,fauna 
hairstyle,people
motor,technology 
protest,people
sculpture,people object architecture 
trail,flora 
